[
	{
		"categoryName":"đánh bạc"	
	},
	{
		"categoryName":"cường dương"
	},
	{
		"categoryName":"phần mềm"
	},
	{
		"categoryName":"laptop"
	},
	{
		"categoryName":"túi xách"
	}
	,
	{
		"categoryName":"áo sơ mi"
	},
	{
		"categoryName":"quần tây"
	},
	{
		"categoryName":"túi xách da"
	},
	{
		"categoryName":"nước hoa"
	},
	{
		"categoryName":"dầu gội"
	},
	{
		"categoryName":"trà đen"
	},
	{
		"categoryName":"trà xanh"
	},
	{
		"categoryName":"hồng trà"
	},
	{
		"categoryName":"kẹo singum"
	},
	{
		"categoryName":"kẹo ngọt"
	},
	{
		"categoryName":"bánh mì"
	}
]