[
  {
    "name":"Angel Lewis",
    "image": "https://media.licdn.com/mpr/mpr/shrinknp_200_200/p/3/000/0d4/2f7/07a3d35.jpg",
    "location":"Seattle, WA"
  },
  {
    "name":"Justin Dean",
    "image": "https://media.licdn.com/mpr/mpr/shrink_100_100/AAEAAQAAAAAAAAIMAAAAJGExNTE4OWY4LWU4ODMtNDA2ZS1iNWI1LWNkYmIyOWMyMGQ5Zg.jpg",
    "location":"Muscatine, IA"
  },
  {
    "name":"Nora Blake",
    "image": "https://media.licdn.com/mpr/mpr/shrinknp_200_200/p/2/005/0b8/118/387e091.jpg",
    "location":"Seattle, WA"
  },
  {
    "name":"Russell Fox",
    "image": "https://media.licdn.com/mpr/mpr/shrinknp_200_200/p/2/000/084/26e/2d9e05b.jpg",
    "location":"Albuquerque, NM"
  },
  {
    "name":"Daryl Bradley",
    "image": "https://media.licdn.com/mpr/mpr/shrinknp_200_200/p/3/000/042/0ad/197566e.jpg",
    "location":"Buckeystown, MD"
  },
  {
    "name":"Benjamin Gonzales",
    "image": "https://media.licdn.com/mpr/mpr/shrinknp_200_200/p/8/005/0b2/1c9/2a423c1.jpg",
    "location":"Atlanta, GA"
  },
  {
    "name":"Viola Francis",
    "image": "https://media.licdn.com/mpr/mpr/shrinknp_200_200/AAEAAQAAAAAAAASJAAAAJGMyMTUzN2EyLTExY2ItNDZiNS1hMTY1LTI4NDA2NDMwZmFkNg.jpg",
    "location":"Zanesville, OH"
  },
  {
    "name":"Reginald Benson",
    "image": "https://media.licdn.com/mpr/mpr/shrinknp_200_200/p/1/000/10f/3cc/275a407.jpg",
    "location":"Gilbert, AZ"
  },
  {
    "name":"Glenda Ray",
    "image": "https://media.licdn.com/mpr/mpr/shrinknp_200_200/p/8/005/0ac/1ca/07c25a2.jpg",
    "location":"Baltimore, MD"
  },
  {
    "name":"Paula Vargas",
    "image": "https://media.licdn.com/mpr/mpr/shrinknp_200_200/p/5/005/03e/073/36a5c47.jpg",
    "location":"Baltimore, MD"
  },
  {
    "name":"Mark Armstrong",
    "image": "https://media.licdn.com/mpr/mpr/shrinknp_200_200/p/5/005/010/09b/39b122d.jpg",
    "location":"Hallandale Beach, FL"
  },
  {
    "name":"Jaime Campbell",
    "image": "https://media.licdn.com/mpr/mpr/shrinknp_200_200/AAEAAQAAAAAAAATUAAAAJDJkY2Q1Mzk0LTI1YzItNDFhNy04ZmQ0LWY3NzZlZTZlNGVmYw.jpg",
    "location":"Zanesville, OH"
  },
  {
    "name":"Mike Beck",
    "image": "https://media.licdn.com/mpr/mpr/shrinknp_200_200/p/2/000/01c/0d4/2b69e7c.jpg",
    "location":"Garner, NC"
  },
  {
    "name":"Ann Lowe",
    "image": "https://media.licdn.com/mpr/mpr/shrinknp_200_200/p/7/000/1f6/019/29cd853.jpg",
    "location":"Cabin John, MD"
  },
  {
    "name":"Ryan Wolfe",
    "image": "https://media.licdn.com/mpr/mpr/shrinknp_200_200/p/1/000/0bf/335/05a57f6.jpg",
    "location":"Los Angeles, CA"
  },
  {
    "name":"Dwayne Gutierrez",
    "image": "https://media.licdn.com/mpr/mpr/shrinknp_200_200/p/3/000/29b/028/2426536.jpg",
    "location":"San Jose, CA"
  },
  {
    "name":"Bill Burke",
    "image": "https://media.licdn.com/mpr/mpr/shrinknp_200_200/p/7/000/1bc/12e/1423106.jpg",
    "location":"Bakersfield, CA"
  }
]
