[
	{
		"createdate":"1/2/2020",
		"startdate":"2/2/2020",
		"finishdate":"5/2/2020",
		"status":"Kết thúc",
		"total":0,
		"shipping_price":0,
		"prepayment":0,
		"debt":0
	},
	{
		"createdate":"1/3/2020",
		"startdate":"2/3/2020",
		"finishdate":"5/3/2020",
		"status":"nháp",
		"total":1000000,
		"shipping_price":100000,
		"prepayment":200000,
		"debt":700000
	},{
		"createdate":"1/3/2020",
		"startdate":"2/3/2020",
		"finishdate":"5/3/2020",
		"status":"nháp",
		"total":1000000,
		"shipping_price":100000,
		"prepayment":200000,
		"debt":700000
	}
]