[
	{
		"name":"Hóa đơn tiền nước",
		"total":90000,
		"value":90000,
		"thue":9000,
		"percent":10,
		"startdate":"20/01/",
		"finishdate":"20/02/",
		"note":"",
		"content":"Tiền nước tháng 1",
		"modeOfPayment":"Tiền mặt",
		"type":"Thanh toán hóa đơn",
		"status":"Đã thanh toán"
	},
	{
		"name":"Hóa đơn tiền điện",
		"total":495000,
		"value":450000,
		"thue":45000,
		"percent":10,
		"startdate":"20/01/",
		"finishdate":"20/02/",
		"note":"",
		"content":"Tiền điện tháng 1",
		"modeOfPayment":"Tiền mặt",
		"type":"Thanh toán hóa đơn",
		"status":"Chưa thanh toán"
	},
	{
		"name":"Hóa đơn tiền gas",
		"total":400000,
		"value":400000,
		"thue":0,
		"percent":0,
		"startdate":"20/01/",
		"finishdate":"20/02/",
		"note":"",
		"content":"Tiền gas tháng 1",
		"modeOfPayment":"Tiền mặt",
		"type":"Thanh toán hóa đơn",
		"status":"Đã thanh toán"
	},
	{
		"name":"Hóa đơn tiền mạng",
		"total":180000,
		"value":180000,
		"thue":0,
		"percent":0,
		"startdate":"20/01/",
		"finishdate":"20/02/",
		"note":"",
		"type":"Thanh toán hóa đơn",
		"content":"Tiền mạng tháng 1",
		"modeOfPayment":"Tiền mặt",
		"status":"Đã thanh toán"
	},
	{
		"name":"Hóa đơn tiền mặt bằng",
		"total":5000000,
		"value":5000000,
		"thue":0,
		"percent":0,
		"startdate":"20/01/",
		"finishdate":"20/02/",
		"note":"",
		"content":"Tiền mặt bằng tháng 1",
		"modeOfPayment":"Tiền mặt",
		"type":"Thanh toán hóa đơn",
		"status":"Đã thanh toán"
	},
	{
		"name":"Hóa đơn dọn dẹp",
		"total":200000,
		"value":200000,
		"thue":0,
		"percent":0,
		"startdate":"20/01/",
		"finishdate":"20/02/",
		"note":"",
		"content":"Tiền dọn dẹp vệ sinh",
		"modeOfPayment":"Tiền mặt",
		"type":"Sử dụng dịch vụ",
		"status":"Đã thanh toán"
	},
	{
		"name":"Tiền Lương tháng 1/2021",
		"total":20000000,
		"value":20000000,
		"thue":0,
		"percent":0,
		"startdate":"20/01/",
		"finishdate":"20/02/",
		"note":"",
		"content":"Tiền lương cho nhân viên",
		"modeOfPayment":"Tiền mặt",
		"type":"Tiền công",
		"status":"Đã thanh toán"
	},
	{
		"name":"Sửa chữa, thêm đèn cử tiệm",
		"total":20000000,
		"value":20000000,
		"thue":0,
		"percent":0,
		"startdate":"20/01/",
		"finishdate":"20/02/",
		"note":"",
		"content":"Sửa chữa cửa hàng,làm mới",
		"modeOfPayment":"Tiền mặt",
		"type":"Hoạt động khác",
		"status":"Đã thanh toán"
	},
	{
		"name":"Hóa đơn tiền nước",
		"total":94500,
		"value":90000,
		"thue":9000,
		"percent":10,
		"startdate":"20/02/",
		"finishdate":"20/03/",
		"note":"",
		"content":"Tiền nước tháng 2",
		"modeOfPayment":"Tiền mặt",
		"type":"Thanh toán hóa đơn",
		"status":"Đã thanh toán"
	},
	{
		"name":"Hóa đơn tiền điện",
		"total":495000,
		"value":450000,
		"thue":45000,
		"percent":10,
		"startdate":"20/02/",
		"finishdate":"20/03/",
		"note":"",
		"content":"Tiền điện tháng 2",
		"modeOfPayment":"Tiền mặt",
		"type":"Thanh toán hóa đơn",
		"status":"Chưa thanh toán"
	},
	{
		"name":"Hóa đơn tiền gas",
		"total":400000,
		"value":400000,
		"thue":0,
		"percent":0,
		"startdate":"20/02/",
		"finishdate":"20/03/",
		"note":"",
		"content":"Tiền gas tháng 2",
		"modeOfPayment":"Tiền mặt",
		"type":"Thanh toán hóa đơn",
		"status":"Đã thanh toán"
	},
	{
		"name":"Hóa đơn tiền mạng",
		"total":180000,
		"value":180000,
		"thue":0,
		"percent":0,
		"startdate":"20/02/",
		"finishdate":"20/03/",
		"note":"",
		"type":"Thanh toán hóa đơn",
		"content":"Tiền mạng tháng 2",
		"modeOfPayment":"Tiền mặt",
		"status":"Đã thanh toán"
	},
	{
		"name":"Hóa đơn tiền mặt bằng",
		"total":5000000,
		"value":5000000,
		"thue":0,
		"percent":0,
		"startdate":"20/02/",
		"finishdate":"20/03/",
		"note":"",
		"content":"Tiền mặt bằng tháng 2",
		"modeOfPayment":"Tiền mặt",
		"type":"Thanh toán hóa đơn",
		"status":"Đã thanh toán"
	},
	{
		"name":"Hóa đơn dọn dẹp",
		"total":200000,
		"value":200000,
		"thue":0,
		"percent":0,
		"startdate":"20/02/",
		"finishdate":"20/03/",
		"note":"",
		"content":"Tiền dọn dẹp vệ sinh",
		"modeOfPayment":"Tiền mặt",
		"type":"Sử dụng dịch vụ",
		"status":"Đã thanh toán"
	},
	{
		"name":"Tiền Lương tháng 2/2021",
		"total":20000000,
		"value":20000000,
		"thue":0,
		"percent":0,
		"startdate":"20/02/",
		"finishdate":"20/03/",
		"note":"",
		"content":"Tiền lương cho nhân viên",
		"modeOfPayment":"Tiền mặt",
		"type":"Tiền công",
		"status":"Đã thanh toán"
	},
	{
		"name":"Sửa chữa, thêm đèn cử tiệm",
		"total":20000000,
		"value":20000000,
		"thue":0,
		"percent":0,
		"startdate":"20/02/",
		"finishdate":"20/03/",
		"note":"",
		"content":"Sửa chữa cửa hàng,làm mới",
		"modeOfPayment":"Tiền mặt",
		"type":"Hoạt động khác",
		"status":"Đã thanh toán"
	}
]