[
	{
		"month":1,
		"year":2022,
		"createdate":"01/01/2022",
		"silverlimit": 100,
		"silver_price": 30000,
		"goldlimit": 200,
		"gold_price":50000,
		"content":"phí dịch vụ tháng 1 2022",
		"export":true, 
		"note":"Không tăng giá"
	},
	{
		"month":2,
		"year":2022,
		"createdate":"01/02/2022",
		"silverlimit": 100,
		"silver_price": 30000,
		"goldlimit": 200,
		"gold_price":50000,
		"content":"phí dịch vụ tháng 2 2022",
		"export":true,
		"note":"Không tăng giá"
	},{
		"month":3,
		"year":2022,
		"createdate":"01/03/2022",
		"silverlimit": 100,
		"silver_price": 30000,
		"goldlimit": 200,
		"gold_price":50000,
		"content":"phí dịch vụ tháng 3 2022",
		"export":true,
		"note":"Không tăng giá"
	},{
		"month":4,
		"year":2022,
		"createdate":"01/04/2022",
		"silverlimit": 100,
		"silver_price": 30000,
		"goldlimit": 200,
		"gold_price":50000,
		"content":"phí dịch vụ tháng 4 2022",
		"export":true,
		"note":"Không tăng giá"
	},{
		"month":5,
		"year":2022,
		"createdate":"01/05/2022",
		"silverlimit": 100,
		"silver_price": 30000,
		"goldlimit": 200,
		"gold_price":50000,
		"content":"phí dịch vụ tháng 5 2022",
		"export":true,
		"note":"Không tăng giá"
	},{
		"month":6,
		"year":2022,
		"createdate":"01/06/2022",
		"silverlimit": 100,
		"silver_price": 30000,
		"goldlimit": 200,
		"gold_price":50000,
		"content":"phí dịch vụ tháng 6 2022",
		"export":true,
		"note":"Không tăng giá"
	},{
		"month":7,
		"year":2022,
		"createdate":"01/07/2022",
		"silverlimit": 100,
		"silver_price": 30000,
		"goldlimit": 200,
		"gold_price":50000,
		"content":"phí dịch vụ tháng 7 2022",
		"export":true,
		"note":"Không tăng giá"
	},{
		"month":8,
		"year":2022,
		"createdate":"01/08/2022",
		"silverlimit": 100,
		"silver_price": 30000,
		"goldlimit": 200,
		"gold_price":50000,
		"content":"phí dịch vụ tháng 8 2022",
		"export":true,
		"note":"Không tăng giá"
	},{
		"month":9,
		"year":2022,
		"createdate":"01/09/2022",
		"silverlimit": 100,
		"silver_price": 30000,
		"goldlimit": 200,
		"gold_price":50000,
		"content":"phí dịch vụ tháng 9 2022",
		"export":true,
		"note":"Không tăng giá"
	},{
		"month":10,
		"year":2022,
		"createdate":"01/10/2022",
		"silverlimit": 100,
		"silver_price": 30000,
		"goldlimit": 200,
		"gold_price":50000,
		"content":"phí dịch vụ tháng 10 2022",
		"export":true,
		"note":"Không tăng giá"
	},{
		"month":11,
		"year":2022,
		"createdate":"01/11/2022",
		"silverlimit": 100,
		"silver_price": 30000,
		"goldlimit": 200,
		"gold_price":50000,
		"content":"phí dịch vụ tháng 11 2022",
		"export":true,
		"note":"Không tăng giá"
	},{
		"month":12,
		"year":2022,
		"createdate":"01/12/2022",
		"silverlimit": 100,
		"silver_price": 30000,
		"goldlimit": 200,
		"gold_price":50000,
		"content":"phí dịch vụ tháng 12 2022",
		"export":true,
		"note":"Không tăng giá"
	}
]