[
	{
		"name": "Túi du lịch admin",
		"code": "tuidl1",
		"number_of_purchased":100,
		"total": 100,
		"purchase_price": 230000,
		"sold_price": 250000,
		"expired":1785578549282
	},
	{
		"name":"Balo laptop admin",
		"code": "balo1",
		"number_of_purchased":100,
		"total":100,
		"purchase_price": 270000,
		"sold_price": 300000,
		"expired":1785578549282
	},
	{
		"name":"túi xach laptop  admin",
		"code": "tuilaptop1",
		"number_of_purchased":100,
		"total":100,
		"purchase_price": 230000,
		"sold_price": 250000,
		"expired":1785578549282
	},
	{
		"name":"Balo da cho nữ  admin",
		"code": "balonu1",
		"number_of_purchased":100,
		"total":100,
		"purchase_price": 130000,
		"sold_price": 150000,
		"expired":1785578549282
	}
]