[
	{
		"name":"Không vận chuyển",
		"phone":"",
		"email":"",
		"website":"",
		"masothue":""
	},
	{
		"name":"Giao hàng nhanh",
		"phone":"123458",
		"email":"giaohangnhanh@gmail.com",
		"website":"https://giaohangnhanh.com",
		"masothue":"nvgiaohangnhanh"
	},
	{
		"name":"Ninja Van",
		"phone":"1234589",
		"email":"ninjavan@gmail.com",
		"website":"https://ninjavan.com",
		"masothue":"nvmninjavan"
	},
	{
		"name":"Giao hàng tiết kiệm",
		"phone":"12345589",
		"email":"giaohangtietkiem@gmail.com",
		"website":"https://giaohangtietkiem.com",
		"masothue":"ngiaohangtietkiem"
	}
]