[
	{
		"displayName":"Kg"
	},
	{
		"displayName":"Tấn"
	},
	{
		"displayName":"Tạ"
	},
	{
		"displayName":"Yến"
	},
	{
		"displayName":"gam"
	},
	{
		"displayName":"Tá"
	},
	{
		"displayName":"Mét(m)"
	},
	{
		"displayName":"dm"
	},
	{
		"displayName":"cm"
	},
	{
		"displayName":"mm"
	},
	{
		"displayName":"Bao"
	},
	{
		"displayName":"Hộp"
	},
	{
		"displayName":"Cái"
	},
	{
		"displayName":"Tấm"
	},
	{
		"displayName":"Viên"
	},
	{
		"displayName":"Đôi"
	},
	{
		"displayName":"Ống"
	},
	{
		"displayName":"Que"
	},
	{
		"displayName":"Hũ"
	},
	{
		"displayName":"Trái"
	},
	{
		"displayName":"Chục"
	},
	{
		"displayName":"Thanh"
	},
	{
		"displayName":"Cục"
	},
	{
		"displayName":"Bộ"
	},
	{
		"displayName":"Bình"
	},
	{
		"displayName":"Chai"
	},
	{
		"displayName":"Quyển"
	},
	{
		"displayName":"Cây"
	},
	{
		"displayName":"Giờ"
	},
	{
		"displayName":"Ngày"
	},
	{
		"displayName":"Tháng"
	},
	{
		"displayName":"Năm"
	}
	,
	{
		"displayName":"Thang"
	},
	{
		"displayName":"Liệu trình"
	},
	{
		"displayName":"Cuộn"
	},
	{
		"displayName":"Chiếc"
	},
	{
		"displayName":"Hũ"
	},
	{
		"displayName":"Tờ"
	},
	{
		"displayName":"Bịch"
	},
	{
		"displayName":"Thùng"
	},
	{
		"displayName":"Gói"
	},
	{
		"displayName":"Lọ"
	},
	{
		"displayName":"Lon"
	}
	,
	{
		"displayName":"Ly"
	},
	{
		"displayName":"Tô"
	},
	{
		"displayName":"Dĩa"
	}
]