[
	{
		"lastname":"lastname 1",
		"firstname":"firstname 1",
		"username":"username1",
		"phone":"09111111",
		"password":"password",
		"email":"username1@gmail.com"
	},
	{
		"lastname":"lastname 2",
		"firstname":"firstname 2",
		"username":"username2",
		"phone":"09111112",
		"password":"password",
		"email":"username2@gmail.com"
	},
	{
		"lastname":"lastname 3",
		"firstname":"firstname 3",
		"username":"username3",
		"phone":"09111113",
		"password":"password",
		"email":"username3@gmail.com"
	},
	{
		"lastname":"lastname 4",
		"firstname":"firstname 4",
		"username":"username4",
		"phone":"09111114",
		"password":"password",
		"email":"username4@gmail.com"
	}
]